parameter,combine_value,combine_error,rabbit_value,rabbit_error,dvalue_over_sigma,error_ratio
CMS_flavTag_Stat_flavC_B0_2024,0.7835133842384372,0.3922355263379635,0.5529416317299998,0.356313507718672,-0.5878400527895297,0.9084172233079676
CMS_flavTag_Stat_flavL_C3_2024,0.2293881100860791,0.5707260428975841,-0.0512884236915123,0.5891173468528664,-0.49178855121555815,1.032224399401698
xsec_ttcj,0.981238688037933,0.3184222174265873,1.1187690062243445,0.2690879651907333,0.43191181600925604,0.8450665514656557
xsec_tt2c,0.5236763158752414,0.372791616593969,0.6548957046999045,0.4647318844992851,0.35199125458763325,1.2466264363596302
CMS_flavTag_Stat_flavL_B1_2024,0.9326655611141278,0.7906247038271096,0.6744499571940314,0.8610006307879027,-0.3265969336275152,1.0890130634928687
CMS_flavTag_Stat_flavL_B0_2024,0.752574555664602,0.30372873334461575,0.8486386544315329,0.40618186214076285,0.3162825515685898,1.3373178680460964
topHdampWeight_ttLF_2024,0.014000281076366623,0.8745470730194463,-0.22684242838321708,0.8961721403307654,-0.2753913618715277,1.0247271621831135
CMS_flavTag_PS_FSR_zjets,0.1879331266450368,1.0169285993464707,-0.08209746023811694,1.8645566473074369,-0.26553544374372884,1.8335177597578576
xsec_ttcc,0.6926599929798595,0.1499969055914913,0.7290779425481713,0.1672367646143048,0.2427913390926488,1.114934764519512
CMS_flavTag_Stat_flavC_C2_2024,0.48309086688354563,0.2846981583374965,0.4224042804538368,0.3480113374934057,-0.2131611485795692,1.222387034484622
PS_fsr_Q2QG_muR_ttLF_2024,-0.7512340021645447,0.8327729570359594,-0.9132588401166151,0.8804418100698955,-0.1945606381465075,1.057241115517969
CMS_flavTag_Stat_flavL_C4_2024,0.5693882438628602,0.3686823795345481,0.6381362952944941,0.49542626589015987,0.18646958804602082,1.3437752748466651
CMS_flavTag_Stat_flavC_B1_2024,1.172130026987197,0.7963588817968826,1.0462700145146098,0.7337397633524587,-0.15804433823680114,0.9213682174258774
jer,0.40229755361949254,0.4560917562840651,0.3370292782447366,0.5095369785689847,-0.143103387587004,1.1171808557127978
norm_ttbb-dps,0.7553759783963955,1.2191039805529538,0.9240314469273327,1.2280759293144683,0.13834379283581663,1.0073594614607402
minorBkg_PS_FSR_wjets_2024,-0.9196485219236419,0.8632823984501752,-0.8044389822773038,0.8388171432295018,0.1334552168017908,0.9716601945497846
xsec_ttbb,0.7604330347115312,0.11009631804328608,0.7734037359369461,0.11883106165006022,0.11781230704114237,1.0793372908559933
CMS_flavTag_Stat_flavB_C0_2024,0.627035608073497,0.9373357582416951,0.731167429373727,0.9636551278227732,0.11109340530821751,1.0280789133985984
CMS_flavTag_JES_BBEC1_2024,-0.04931768809202604,1.486215515741344,-0.1944338092612499,1.3159753893102148,-0.0976413714109545,0.8854539435041417
CMS_flavTag_JES_RelativeBal,0.15312606764027717,0.0,0.2484883116492946,1.0576417415397414,0.09536224400901744,nan
jes_Absolute_2024,0.18950931508293553,0.8128486871281186,0.11243291377639275,0.49774744619414435,-0.09482256971941722,0.6123494496284902
LHE_muR_tt2c_2024,-0.10589380510517599,1.0232240247403,-0.19835678338708218,1.0360122958724427,-0.09036435428241027,1.0124980168789415
CMS_flavTag_Stat_flavC_B2_2024,0.01332805054222887,1.0371233569000966,-0.07960968758876567,0.9946899214570322,-0.08961107423978977,0.9590854499990284
LHE_muR_ttLF_2024,-0.17812632512408624,0.9780614007026691,-0.09065196019092385,0.9543338023977166,0.08943647594140627,0.9757401751179364
norm_singletop,-0.720917415627013,0.8033932997208562,-0.6508942483638214,0.7750443117357863,0.0871592622038565,0.9647134373725548
CMS_flavTag_Stat_flavC_C1_2024,-0.22150306532578404,0.3669958952169817,-0.25310722975368416,0.3871604914125613,-0.08611585262885449,1.0549450183459341
CMS_flavTag_LHE_muF_zjets,0.09757329149532629,1.015597899133271,0.010380094927321034,1.3840711509089976,-0.0858540536982377,1.36281411382417
CMS_flavTag_Stat_flavL_C2_2024,0.3279466732164138,0.21582078766695967,0.30950141535207293,0.21025923021729284,-0.08546562202712543,0.9742306683717185
CMS_flavTag_PS_ISR_zjets,-0.039278198781023343,1.115880797016534,-0.1284340939395177,1.1134258180912875,-0.07989732899505514,0.997799963103756
PS_fsr_X2XG_muR_ttbb_2024,-0.02793372013279538,0.9872211808320536,-0.10554246742606847,0.999232698476198,-0.07861333285805577,1.0121669975050787
PS_fsr_X2XG_muR_ttcj_2024,-0.15939228202323671,1.0320914370660612,-0.23672067026834726,1.0060629795890321,-0.07492397036539018,0.9747808609370692
PS_fsr_X2XG_muR_ttcc_2024,-0.056472357792050086,1.0253991284872392,-0.13051224744129106,1.085727670888071,-0.07220592215488933,1.058834204871847
PS_fsr_G2GG_muR_ttbj_2024,-0.08148415808069961,0.98592566512273,-0.010991932177252558,1.021896235355546,0.07149852001740115,1.036484059098247
xsec_ttLF,0.8295473987563565,0.04881302711334201,0.8330311720085142,0.05431187337377448,0.07136974406583024,1.1126512036974137
jes_BBEC1,-0.22352554212231696,0.0,-0.291951774729135,0.7296405457067078,-0.06842623260681807,nan
topHdampWeight_ttcj_2024,0.08981689894115094,0.9804237303049315,0.1541948127567366,0.9497898627630009,0.06566335740931407,0.9687544613670226
topHdampWeight_tt2c_2024,0.09943959641799259,0.9963785452467987,0.16321456705704265,1.0082093648229689,0.06400676825418122,1.0118738200783315
PS_fsr_Q2QG_muR_tt2c_2024,-0.10774022180222192,1.0661980810036902,-0.1746715132717236,1.1078669673588173,-0.06277566304236296,1.0390817495337275
PS_fsr_G2GG_muR_ttcj_2024,0.2539962374466651,0.8583959809538696,0.20246986284141075,0.8249587797443416,-0.06002634652133046,0.9610468805173438
PS_isr_G2GG_muR_ttLF_2024,-0.290513201397473,0.9585206406788023,-0.23302332701955245,0.9842619227863878,0.059977711421224635,1.0268552194028457
PS_fsr_G2QQ_cNS_ttLF_2024,0.02361162421801113,0.9403424191531261,0.07857815344150407,0.8481820052327006,0.058453737812865954,0.901992708141971
CMS_flavTag_PU_2024,-0.16309561316647664,1.0706256805774172,-0.22423097025413022,1.0157631229187927,-0.05710245718623304,0.9487565461450208
CMS_flavTag_xsec_zjets_c,-0.12523027488819738,1.1523628184362709,-0.0648599953015943,1.1603473917441476,0.05238825708427848,1.0069288709945636
CMS_flavTag_PS_FSR_ttbar,-0.22022896937685774,1.0129838524110482,-0.27214939566681456,1.0026587683383135,-0.05125493971732985,0.9898072569980662
jes_BBEC1_2024,-0.019628170015454204,0.2064046440908399,-0.03018960119696509,0.660737228592925,-0.05116857340120089,3.2011742347334526
jes_Absolute,0.10537503827699923,0.0,0.054681546729259685,0.4517845606919865,-0.05069349154773955,nan
PS_fsr_G2QQ_cNS_tt2c_2024,0.029005838483615688,1.0059321531285212,0.07913706813641884,0.9898122396599595,0.049835597258613744,0.9839751484049618
PS_fsr_Q2QG_muR_ttcc_2024,-0.09934956147109739,1.0404838759021702,-0.1499817752930989,1.0402815035536925,-0.04866218015930322,0.9998055016966965
PS_isr_G2QQ_cNS_ttbj-dps_2024,-0.10225042748481845,0.787887173461198,-0.06470297515658997,0.7255088004973953,0.04765587458833993,0.9208282923432124
minorBkg_PS_FSR_singletop_2024,-0.545598084010204,0.8270011938028248,-0.5069453690472725,0.8532300149688983,0.046738402861540726,1.0317155783602496
PS_fsr_G2GG_muR_tt2c_2024,0.15272000191204663,0.9554269467870035,0.10966877633703737,0.9547662142337626,-0.045059672767013566,0.999308442622994
xsec_tt2b,1.0019841754122722,0.16868726278702043,1.0095385607220952,0.1735635401078897,0.044783377150182005,1.0289072052050896
PS_fsr_G2GG_muR_ttbb_2024,-0.17660571629528848,1.0700223189724418,-0.22430902454415771,1.036553250651541,-0.04458160115265579,0.9687211493372945
PS_fsr_G2QQ_muR_ttcc_2024,-0.06332675290332167,1.02607185162911,-0.1066789589281834,1.1102800954594163,-0.04225065326178743,1.0820685643959607
PS_fsr_G2QQ_cNS_ttcc_2024,0.2689091271999723,0.9491149290314416,0.3087286117104399,0.9957145650716498,0.041954333761352644,1.049097990785755
LHE_muF_tt2c_2024,-0.1044335740985038,1.0075039235326038,-0.14669365247337549,1.0215562711500887,-0.041945323871986,1.013947685253883
CMS_flavTag_Stat_flavC_B3_2024,0.10443914835256073,1.0546571055970924,0.1480092752122499,1.1297077911269944,0.041312125645824975,1.071161219254681
CMS_flavTag_JES_BBEC1,-0.048442427270748364,1.114545319241652,-0.09378052523929167,1.329993914593361,-0.04067855939621353,1.1933062672573087
PS_isr_G2GG_muR_ttbj_2024,-0.13246726125147504,1.020837619518029,-0.17065871670773408,1.0232050262166785,-0.037411880916271956,1.0023190825390693
PS_fsr_G2QQ_cNS_ttZ_2024,-0.11577305213912661,1.0344256820461675,-0.1543463010224966,1.074162487966104,-0.03728953133401461,1.0384143651976374
CMS_muEff,0.045880853016306976,0.9982518165229454,0.010889317516795219,0.9980436523435744,-0.03505281425020824,0.999791471274156
CMS_flavTag_LHE_muR_wjets,0.0091448675543118,1.0323699311839143,0.04398128507145411,1.1763959365622287,0.033744122591009756,1.1395100738871253
PS_fsr_X2XG_muR_tt2c_2024,0.006916556811596937,0.9807379177183101,-0.026166423143994637,0.9757767404417202,-0.03373274282344384,0.9949413832309736
minorBkg_PS_ISR_singletop_2024,-0.04387938215327487,1.084634228884755,-0.08046633301374544,1.026236512524881,-0.03373206366360951,0.9461590692929542
met,0.12694163683925597,0.0,0.0932529753598801,0.4658967274131178,-0.03368866147937587,nan
PS_fsr_G2QQ_muR_ttbj_2024,0.06329792142439357,0.9837930334485735,0.030637272981505204,1.0139427796760145,-0.033198698641319115,1.030646431924563
PS_fsr_G2GG_cNS_ttbj_2024,0.1863956168310542,1.0156181407000746,0.21981482674690125,1.0131761607288288,0.032905290459671076,0.9975955727124345
xsec_ttbj,1.2264031468882741,0.271770531018216,1.2174881443938586,0.27055658313525205,-0.03280341860839217,0.9955331879493491
CMS_lumi_13p6TeV_2024,0.0171803412159711,0.9998761154106238,0.049100984586688566,0.9993141005393956,0.03192459833647338,0.9994379154951637
PS_fsr_G2QQ_muR_tt2b-dps_2024,-0.08249362318747265,1.0387636554377255,-0.11516899572616691,1.0928020162295329,-0.03145602213520376,1.0520218054500916
LHE_muF_wjets_2024,0.016295276320844033,0.9955997464846571,-0.014355117328721313,0.9982064787792672,-0.030785859234886505,1.0026182532727776
CMS_flavTag_Stat_flavC_C3_2024,0.010350355523529637,1.0002724371379983,-0.019614274783768138,0.9992253799529804,-0.029956469052604552,0.9989532279945514
PS_isr_G2GG_muR_ttbb_2024,0.014901487649863016,0.9980137108560382,-0.01475648389972123,1.0088380639965941,-0.029716998100302008,1.0108458962264872
PS_fsr_Q2QG_muR_ttbb_2024,0.009265587741035287,0.977022429516636,-0.019595621551165596,0.9673697116447397,-0.029539965941702526,0.9901202699341592
CMS_pileup_2024,1.1028673894400574,0.6317127797906572,1.1213154016042217,0.6381877718693028,0.029203164403730813,1.0102498988239423
jes_FlavorQCD,-0.08319991384340068,0.0,-0.054408084457739085,0.4397695106027487,0.028791829385661598,nan
PS_fsr_G2QQ_cNS_ttbb_2024,-0.12041352679581993,1.0090360970567618,-0.09232111679817148,1.011660195836308,0.027840837487965658,1.0026005995099685
PS_fsr_G2QQ_cNS_tt2b-dps_2024,0.057894377623206046,1.0201439285432847,0.08475916200765725,1.0559810436664823,0.02633430796653644,1.0351294695978548
CMS_flavTag_xsec_zjets_b,0.35382294543477355,0.7944575153568877,0.3746785683770926,0.8989385658659927,0.026251401162654082,1.1315124452717524
CMS_flavTag_MuIso,0.023874843128280802,1.0475001575430547,0.05124818314758875,1.1741203159422877,0.026132062913969384,1.120878414659359
CMS_flavTag_Stat_flavC_C4_2024,0.027547803985677955,1.000498030677259,0.0017989090971369062,1.0001992556216301,-0.025736077532417585,0.9997013736694448
PS_fsr_G2GG_cNS_ttcj_2024,-0.12614791483293641,0.9676193864844275,-0.10130463960233275,0.9387907456042991,0.02567463568590198,0.97020663157146
CMS_flavTag_Stat_flavB_B4_2024,-0.02595366382117497,0.0,-0.0012432933792419821,0.8922473433909766,0.02471037044193299,nan
PS_fsr_X2XG_muR_ttLF_2024,-0.23521733919500912,0.9073944854535058,-0.21296935779518905,0.9417764112248981,0.024518532740146388,1.0378908251290602
CMS_flavTag_PS_ISR_wjets,0.02242166666927437,1.1171733781460131,0.04953406595057474,1.1339241159795224,0.024268748084826645,1.014993856961851
PS_isr_G2QG_cNS_ttbj_2024,-0.005824415877133031,1.0001506361885273,0.01829979608340056,0.9961888923411913,0.024120578528518982,0.9960388528447737
PS_fsr_G2GG_muR_tt2b_2024,0.1629495711605489,0.8770710414104665,0.1418126130525099,0.8245730299364123,-0.02409948237949744,0.940143946162412
CMS_flavTag_Stat_flavB_C4_2024,-0.033311128741910764,0.9991628597098091,-0.009372118106728337,0.9858713791606112,0.02395906773609973,0.9866973832943928
CMS_flavTag_MuTrigger,0.03160357142667055,1.0500624771540856,0.055784209855342444,1.1839871390917334,0.0230278092539856,1.1275397082091867
CMS_elEff,0.07943274254875761,0.9994533065680238,0.1023345769257247,0.998982867830156,0.022914361507901392,0.9995293039356854
PS_isr_G2GG_cNS_ttbj-dps_2024,0.23631717286799406,0.9550314838699644,0.25790522767512075,0.9813340613103947,0.0226045477785171,1.0275410579490505
PS_fsr_Q2QG_muR_ttbj_2024,-0.268616797931554,1.0865475918215566,-0.24421825365038208,1.034189025076071,0.02245510869916769,0.9518119895165307
CMS_flavTag_JES_FlavorQCD,0.01649973820877981,1.1151053989045105,-0.00853976185360523,0.9990389878117018,-0.022454828114888574,0.8959144030628553
CMS_flavTag_xsec_wjets_b,-0.07312420437838882,1.087950692252192,-0.04875204499418518,1.1108486207142496,0.022401897032438358,1.0210468439655624
PS_isr_G2GG_cNS_ttbb-dps_2024,0.14621329642652678,0.9693470523941179,0.1674239431369132,0.936883876533506,0.02188137536293098,0.9665102650485876
PS_isr_G2GG_muR_tt2c_2024,-0.02758721891512125,1.0014163227800088,-0.049442941914769764,0.9944237985967979,-0.02182481202121346,0.9930173654811226
CR2,-0.01331416545228946,1.0213754691693813,-0.03543375720725021,1.1225825114809587,-0.02165667026734957,1.0990889691073964
CMS_flavTag_LHE_PDF_zjets,-0.0034374558052907515,1.0255169448422414,-0.024722184702838976,1.0954404737558234,-0.020755121604375367,1.0681836894702297
PS_isr_G2GG_muR_tt2b_2024,-0.042203541742648704,1.013111857228381,-0.06290790350203604,1.03405749976928,-0.02043640256667142,1.0206745606533527
PS_isr_G2GG_cNS_ttbj_2024,-0.013983893152769206,0.9953968925968152,0.006304681455861322,0.9905602454774306,0.020382396971022492,0.9951409863187671
topHdampWeight_tt-vcb_2024,0.0110548040081937,0.9954601880855819,0.031149095361604446,0.9826816816925992,0.020185931686585133,0.9871632170267325
CMS_flavTag_PS_FSR_singlet,-0.01684384631583223,0.9974446890644241,0.0032394528207222014,0.9801468399204423,0.020134749682603474,0.9826578362353037
CMS_flavTag_Stat_flavL_C1_2024,0.030064236707652636,1.3999186778390202,0.05726677831794701,1.0971642332976927,0.019431515587952215,0.7837342630439981
PS_isr_Q2QG_muR_ttLF_2024,-0.09130314452053903,1.0785271094560116,-0.07057870462303979,1.05642315773322,0.01921550206369152,0.9795054277922226
CMS_flavTag_xsec_ttbar,-0.012820069363381049,1.0534930207030462,-0.032828415373503846,1.190294495635594,-0.0189923859170612,1.1298551316849292
PS_fsr_Q2QG_muR_tt2b_2024,-0.033938362671406916,1.027198292746681,-0.05342343210388112,1.070673379648791,-0.01896914117757344,1.0423239477801893
CMS_flavTag_EleScale,-0.027309762220546818,1.0320033842020453,-0.04683648352946379,1.0986286201453717,-0.01892117953083576,1.0645591254478701
norm_diboson,0.014619125919002614,1.0015166453143929,0.03332631786291563,1.0041805582178434,0.0186788627342689,1.0026598788107153
norm_wjets,0.7023751331785171,0.9605694899824825,0.7201282554544984,0.9070936474259569,0.018481871911531476,0.9443290224036777
PS_fsr_G2QQ_muR_tt2c_2024,0.0859225123853868,0.9614613021698553,0.06831254709494163,0.8535148979276564,-0.018315833669750894,0.8877267301361146
tune_CP5,-0.0070264052100174786,1.0425967019879476,-0.025721124204417203,1.2694026811329564,-0.017930920900434456,1.2175395133252882
LHE_muR_ttbj-dps_2024,-0.035293795287119636,1.0097363100021675,-0.052812980880149775,1.0291252850907355,-0.017350258101535967,1.0192020182858696
PS_fsr_G2QQ_cNS_ttbj-dps_2024,0.0005557759528351488,0.9919544845199395,0.01772138368721214,0.986356738700991,0.017304834044562397,0.9943568521476492
jes_RelativeBal,0.15696149442347715,2.278332344243294,0.11804835432911202,0.47781786385032177,-0.017079659248435682,0.2097226355310424
PS_isr_G2GG_muR_ttbj-dps_2024,-0.09774887589618832,1.0235495543989175,-0.11520874019240993,1.0426901009260134,-0.017058152408141066,1.0187001659517465
CMS_flavTag_Stat_flavL_B4_2024,-0.030635915455587283,0.8666597062470717,-0.04534925365158794,0.8152791039965704,-0.016977065034803993,0.9407142135717875
PS_fsr_X2XG_muR_ttbj_2024,0.22222326466261055,0.9122464412101952,0.20675465292514442,0.8911929481556119,-0.016956615053433724,0.976921265895372
CMS_flavTag_LHE_muR_ttbar,0.29632106582731377,0.9571077429154594,0.2801234647488444,0.9796209301369132,-0.016923487662036468,1.0235221033244137
CMS_flavTag_BDecay_ttbar,0.02178493270949342,1.0201431452663188,0.004653839449650157,1.05962804962641,-0.016792832789530743,1.0387052587112993
CMS_flavTag_JES_RelativeSample_2024,0.004412061284022042,0.9942044949279165,0.020513962942956113,1.172346410799208,0.016195764293040656,1.179180356536416
PS_isr_G2QQ_cNS_tt2b-dps_2024,0.013577502357288886,1.0111726008216093,-0.0027656743626656055,0.9834641118240316,-0.016162598459130668,0.9725976663380083
PS_fsr_G2GG_cNS_ttZ_2024,-0.035689704685294546,1.0012149350682285,-0.05134046848058457,1.0019506771152416,-0.015631772207057113,1.0007348492528858
CMS_flavTag_JEReta1p93to2p5_2024,0.004920794642913707,0.9999018640600352,0.020521146897023158,1.0477631079171175,0.015601883359598164,1.0478659412262168
PS_fsr_X2XG_muR_tt2b_2024,0.04012782072238155,1.0094251925510938,0.024495072692190784,1.0206889699055026,-0.015486782126650252,1.0111586053503798
PS_isr_G2GG_muR_ttcc_2024,0.0920293102374686,0.9749420474232617,0.07714394924540274,0.9539645441183076,-0.015267944419268157,0.9784833330756458
CMS_flavTag_Stat_flavB_C1_2024,0.037249689910061404,0.9992098652155335,0.05245387496590846,0.9992351778031844,0.015216207911005218,1.0000253326038224
PS_isr_G2QQ_muR_ttLF_2024,-0.018910549148680608,1.0054659058461823,-0.0037066756264004736,1.0048592766468738,0.015121222344665008,0.9993966685535717
PS_fsr_G2QQ_muR_ttbb_2024,-0.0055102394477100245,1.0323874155613202,-0.020729174087401592,1.10667927481853,-0.014741495692696784,1.0719612212793357
CMS_flavTag_CDecay_ttbar,0.020176117071487136,0.9842228947158507,0.005743888513702389,0.9697582419667546,-0.014663577361661956,0.9853034786868354
PS_fsr_X2XG_muR_ttbj-dps_2024,0.06942677101055038,0.9733483973662228,0.08347983953838929,0.9358877985026672,0.01443786065284026,0.9615136790023798
PS_fsr_G2GG_cNS_ttbb_2024,-0.027600642104986237,1.0332687498278,-0.012959909169582465,1.082377127229959,0.014169336813722212,1.0475272066539738
LHE_muR_ttcc_2024,0.015458495099460243,0.9957831793528055,0.0014359834339516709,0.9972035144969931,-0.014081892480471798,1.0014263498054976
CMS_flavTag_JES_Absolute_2024,0.061838451801393815,1.967144735179273,0.08911309409152596,1.155296869336768,0.013865091776099792,0.5872963227748881
CMS_flavTag_MuID,0.03413220530048792,1.057084330074465,0.048598284248523374,1.1731980005695255,0.01368488637705604,1.1098433371790508
bFragWeight_2024,0.2829137770654843,0.5249097223624767,0.27583795557690116,0.6909001324266066,-0.013480073214755478,1.3162265871492187
CMS_flavTag_xsec_singlet_tW,0.009872885736265838,1.0013298430008406,0.022845668204194963,0.9957944579738742,0.012955553615631362,0.9944719663898385
PS_fsr_G2QQ_cNS_ttbb-dps_2024,0.041978228852633234,0.9868966126354272,0.054450441408278136,0.9653864299994936,0.01263781068448383,0.9782042188000906
CMS_flavTag_EleID,-0.019645028983552394,0.9680666075941574,-0.007637234650150091,0.9462076604275836,0.012403892706560882,0.9774199967284299
jes_RelativeSample_2024,0.092159087428625,1.720954735057929,0.07083081842099564,0.43247021079047804,-0.012393277157816369,0.25129667967468106
PS_fsr_G2GG_muR_ttbb-dps_2024,0.04723167258008024,0.9584794136398518,0.03577152572439445,0.9119290010695236,-0.011956591547611408,0.9514330595859626
PS_isr_G2QG_cNS_ttbj-dps_2024,0.02281305721000642,0.9915808225166667,0.03461628437282441,0.9830602189908745,0.011903444373662841,0.9914070509107199
PS_fsr_G2GG_cNS_tt2b_2024,-0.05729177950935355,0.9842663479532588,-0.04570636359478592,0.9681280622926102,0.011770610606223635,0.9836037413102586
PS_fsr_G2GG_cNS_ttLF_2024,0.1573765083215205,0.9932310620645749,0.1687591819540667,1.004751080618053,0.01146024733548471,1.01159852827149
CMS_flavTag_Stat_flavL_B2_2024,0.022276164620298477,0.8933451848944902,0.012306513137607762,0.84226414703238,-0.01115990957500733,0.9428204923182708
CMS_flavTag_Stat_flavB_B1_2024,-0.008513799227469237,0.9989651658720263,-0.019641280490392314,0.9988106238555867,-0.011139008288852163,0.99984529789254
PS_isr_Q2QG_muR_ttbb_2024,-0.004462387757957971,1.008372456546945,-0.015262634732516064,1.027935624965306,-0.010710573166131781,1.019400736594247
PS_fsr_G2GG_cNS_ttcc_2024,0.10902769485875242,1.0026899471363635,0.09829374990930669,1.0236489564366784,-0.01070514866544877,1.020902781921942
PS_fsr_G2QQ_muR_ttLF_2024,0.14376481957104567,0.9572761731764419,0.15380724697362408,0.8828223570382832,0.010490627139768392,0.9222232640648461
PS_isr_G2GG_muR_ttbb-dps_2024,0.02469845005649007,0.9903534667141916,0.014423959500138963,0.9835698880015409,-0.010374569183303768,0.9931503458707956
PS_fsr_G2QQ_muR_ttbj-dps_2024,0.034468741729685955,0.9570040064719559,0.02454730846072854,0.916096438904607,-0.010367180494398644,0.9572545493114948
LHE_muR_ttcj_2024,-0.0023613625233758033,0.9915529617962678,0.007669760118460859,0.9618330278288157,0.010116577760672086,0.9700268819593738
CMS_flavTag_LHE_aS_zjets,-0.01333157661248864,1.0211683067656403,-0.023591888063825648,1.0715073249924285,-0.010047620341679647,1.049295515629767
PS_isr_G2QG_cNS_tt2b-dps_2024,0.015692102317226474,1.0026086802280014,0.02570860925969644,1.0119652846254024,0.009990445065957467,1.0093322595165177
PS_isr_Q2QG_muR_tt2b_2024,-0.002811322598243323,1.00365778920469,-0.012758906446005715,1.0109551091567617,-0.009911330290820511,1.0072707251720272
PS_fsr_G2GG_cNS_ttbj-dps_2024,-0.054513996324474207,0.9855234266445331,-0.06424222375466179,0.967784577576206,-0.009871127532005837,0.9820005810224891
PS_isr_X2XG_muR_ttLF_2024,0.0039241876441493215,0.9986883438552038,0.013671786541678804,0.9920163505520967,0.009760401187723035,0.9933192438420264
PS_fsr_G2QQ_cNS_ttbj_2024,0.20318708664319826,0.9977048836563968,0.2128534441925444,0.9938366308587593,0.009688593999781574,0.9961228486890221
PS_isr_G2QG_cNS_ttLF_2024,0.03443317613512975,1.0040692302935865,0.04409985353254668,1.0145261425094145,0.00962750087918781,1.010414533082316
CMS_flavTag_LHE_PDF_ttbar,-0.024790135816405958,1.0013045268797465,-0.015435458264049882,1.0032437788411517,0.009342490022997313,1.0019367254509957
PS_isr_G2GG_muR_tt2b-dps_2024,-0.05091978054488664,1.0186875863842464,-0.06029674069249991,1.0390272175995476,-0.009204941998847827,1.0199665054204647
PS_isr_Q2QG_muR_ttbj_2024,-0.036419973440041,0.9986956998894452,-0.04559353398316945,0.9856113489997793,-0.00918554124559058,0.98689856090187
PS_fsr_Q2QG_muR_tt-vcb_2024,-0.007643100487391366,1.0041632095951558,-0.016857004833092836,1.0175389097313492,-0.009175703966904146,1.013320245163718
PS_fsr_G2GG_cNS_tt2b-dps_2024,0.009764178655043698,0.9965172748729638,0.018791186680632194,0.9933788899958907,0.009058556487883524,0.9968506467913734
PS_isr_G2GG_cNS_ttcj_2024,-0.022566945531668926,0.9979244152726173,-0.013702613038958368,0.9952779688615471,0.00888276943328314,0.9973480492404354
LHE_muR_singletop_2024,-0.035175320442008474,1.0449182621140776,-0.044351359880191815,1.014704515236057,-0.008781585862628515,0.971085061890973
PS_fsr_G2GG_muR_tt2b-dps_2024,0.06171752826524151,0.9586774047606237,0.07008371998746533,0.9139839152297141,0.008726805994048452,0.9533800532807287
LHE_muR_tt-vcb_2024,-0.004723772905994907,1.0021122843806718,-0.013367208702395933,1.008904389327223,-0.008625216885493892,1.0067777883301259
LHE_muF_ttbj-dps_2024,-0.05917851352777779,1.0048948031317047,-0.06777450920462118,1.0125035242821392,-0.008554124919398923,1.0075716593684456
minorBkg_PS_FSR_diboson_2024,-0.03445025112429237,1.0240973619229277,-0.04308432868234907,1.0597235413319972,-0.008430914753890843,1.0347878831971355
PS_fsr_G2QQ_cNS_ttcj_2024,0.064116101570174,0.9940567888740149,0.07248169446435158,0.9998314653642159,0.008415608633037388,1.0058092018029896
PS_isr_G2GG_cNS_tt2c_2024,0.021070382903268993,1.000775954223522,0.029437550156658575,1.0039318193096103,0.00836067974862712,1.0031534181779347
LHE_muF_ttcj_2024,0.006197336505169156,0.9976733549141328,0.014450594647663313,1.0120076160231202,0.008272505326359541,1.014367689623445
CMS_flavTag_JES_Absolute,-0.05214392544275773,1.1413959677870624,-0.061543428073874286,1.1843876334733603,-0.00823509360151351,1.0376658643447374
PS_fsr_Q2QG_muR_ttcj_2024,0.1260417777247917,0.9817146556717964,0.1340654520346996,0.9040721504561828,0.008173122672205844,0.9209113312437186
norm_ttH,0.00025507351548040703,0.9992573838736105,0.008390890156920473,1.0005378221661967,0.008141862920143418,1.0012813898733703
PS_isr_Q2QG_muR_tt2b-dps_2024,0.006199279173129704,0.9924090198147442,-0.001589279332145022,0.9827358745047208,-0.007848133531402847,0.9902528643765963
PS_isr_G2GG_muR_tt-vcb_2024,-0.004426727947432802,1.0011273381876202,-0.012148844115814685,1.004755101100831,-0.007713420534855766,1.003623677802844
PS_isr_G2GG_cNS_tt2b_2024,0.007352172751741688,1.0025800155432403,0.015058016727368676,1.0066101409603614,0.007686013940195722,1.0040197543883191
PS_fsr_G2QG_cNS_ttbj_2024,-0.0034482561635746276,1.0004808498307938,0.003839005165327754,0.9999589024834044,0.007283758934651112,0.9994783035102794
CMS_flavTag_PS_ISR_ttbar,-0.0075138994191312645,1.0133968476949429,-0.0003994310234804088,1.00413770313199,0.007020416939161906,0.9908632589651196
PS_isr_G2GG_cNS_ttLF_2024,0.0828588354398136,0.9936983965818782,0.07614813231377895,1.0034775614990452,-0.006753259489114708,1.0098411801315221
PS_isr_G2QQ_muR_ttbj_2024,0.010443796630156203,0.9996372731248641,0.0037143994535826937,1.0026677336019882,-0.006731838995496264,1.003031560105448
PS_isr_Q2QG_muR_ttcc_2024,0.011713915518654798,0.9997213929292141,0.005032053033733796,0.99976749750314,-0.006683724617858723,1.0000461174225659
CMS_flavTag_LHE_muR_zjets,0.02608721040965864,1.0492847552101678,0.019227860711383885,1.1569864019335692,-0.006537167021835605,1.102642915746764
PS_isr_G2QQ_cNS_ttcj_2024,-0.004754384932061722,0.9952754871386015,0.0017428550024024526,0.9888221193178988,0.006528081941557326,0.9935159984304888
PS_isr_G2QG_cNS_ttbb-dps_2024,0.01367533251023287,1.0057217559672789,0.020203248411642522,1.0163993085710943,0.006490777257901974,1.0106168058316944
LHE_muF_ttZ_2024,0.05353327296668624,0.9874398915196884,0.0598656414187463,0.9731902544366081,0.006412915364715951,0.9855691093650776
PS_isr_G2QG_cNS_ttbb_2024,-0.020558611907431096,1.0040695067006016,-0.014199871947844254,1.012094167847173,0.006332967904265739,1.0079921370911271
CMS_flavTag_Stat_flavL_C0_2024,0.004118534831625515,1.0089755982642337,0.01048264985908965,1.0114185515442506,0.006307501428590031,1.002421221369694
CR1,-0.0014176587503230195,1.0020635254986576,0.004866614074841493,0.9812715892436866,0.0062713317721421556,0.9792508800830523
PS_fsr_G2GG_muR_ttcc_2024,0.06280082680032752,0.9044576862965449,0.05713977038450223,0.8265955879498205,-0.0062590616472125325,0.9139129452638697
CMS_flavTag_LHE_muF_ttbar,0.12081172141201595,0.9827715885473836,0.11470682377954212,0.9704195757797768,-0.006211919131176103,0.9874314511005919
PS_isr_G2QG_cNS_tt2c_2024,0.010815463563137605,1.0082220967369289,0.017010462073876586,1.0244050004536467,0.006144478018076423,1.01605093140598
PS_fsr_X2XG_muR_ttHbb_2024,-0.012254171126282645,1.0012717565664433,-0.01835392123401673,1.0056101520277385,-0.006092002563471199,1.0043328850862352
minorBkg_PS_ISR_wjets_2024,0.05435387385467427,1.013908851492215,0.060520389214727695,1.050200916159828,0.006081922799054259,1.035794208339537
CMS_flavTag_Stat_flavB_C3_2024,0.01893298502386797,1.0001672386376916,0.024946746495194197,1.0002276898830327,0.006012755906219699,1.0000604411372476
PS_isr_G2QQ_muR_ttcj_2024,0.010100695303010913,0.9944434481425527,0.004124262272273059,0.9925164937804348,-0.006009826945816568,0.9980622785883732
CMS_flavTag_xsec_wjets_c,-0.026853109995106643,1.1145928427590603,-0.03345619660293049,1.0478131713875256,-0.0059242140757683175,0.940086039664288
PS_fsr_G2QQ_muR_tt-vcb_2024,0.005328665016248249,0.9985446126045594,0.011073016615539437,0.9920479165237858,0.005752724041350418,0.9934938349285888
PS_fsr_G2QQ_muR_tt2b_2024,0.004905064510607642,1.012426131794213,-0.0008344302364598168,1.0134638798069435,-0.0056690503798988035,1.0010250110898378
PS_isr_G2GG_cNS_tt2b-dps_2024,0.20894034272615541,0.9522573382266295,0.21427226174161113,0.9378400330214495,0.005599241719034941,0.9848598644227524
PS_isr_G2QG_cNS_tt2b_2024,-0.0003662853650624105,1.0000708174098025,0.00521201120214607,0.9999394621813318,0.005577901554668246,0.9998686540731075
PS_fsr_G2QQ_muR_ttcj_2024,0.037707934938133736,0.9154062058233983,0.0326744642470549,0.873925343382881,-0.005498619802944513,0.954685840912335
PS_fsr_Q2QG_muR_tt2b-dps_2024,-0.040981360938517224,1.0192870845351116,-0.03537984291911363,1.0368490780830883,0.005495525357273022,1.0172296831917444
PS_fsr_G2GG_muR_ttbj-dps_2024,0.04020714030834806,0.9497014306251351,0.04533572913979799,0.9047551506245701,0.005400211757156216,0.9526732522967988
PS_fsr_G2GG_muR_ttHbb_2024,-0.06068827517580889,1.0312008300489672,-0.06617890022567505,1.0752976274266182,-0.00532449634433036,1.0427625697077425
norm_ttW,0.004238269457735069,1.0000929635901652,0.009521757952639416,1.000287646914359,0.005282997368502138,1.0001946652274152
PS_fsr_G2QG_cNS_ttcc_2024,0.02461732627573028,1.0030909949987095,0.02977989378412233,1.008088342029288,0.005146659210512295,1.004981947854676
PS_isr_G2QQ_muR_ttcc_2024,-0.007123994527699652,1.0005966818969307,-0.0020117098177843728,1.0033536635005122,0.005109236121214606,1.0027553375435494
CMS_flavTag_HDamp_ttbar,-0.33127369525798667,0.9926793885339904,-0.3262206690774657,0.9927069244727926,0.005090290217452144,1.0000277390052823
CMS_flavTag_LHE_muF_wjets,-0.12460991176942474,0.9989808202031513,-0.11953756542455043,0.9701639843931772,0.005077521251952361,0.9711537646897827
PS_isr_G2QQ_muR_ttbj-dps_2024,-0.00012078974159812094,1.0004444702810134,-0.005117707619494036,1.0035394066593406,-0.004994697883124226,1.0030935613822303
PS_fsr_X2XG_muR_ttbb-dps_2024,-0.0076597073464467055,0.9943545045376706,-0.00274177585107449,0.9795151866382815,0.004945853287665076,0.9850764311604454
PS_fsr_G2QG_cNS_tt2c_2024,0.01712185892068062,1.002017657234249,0.021979551436744692,1.004961814713341,0.004847911093175931,1.0029382291398121
PS_fsr_G2QQ_muR_ttbb-dps_2024,0.017342275209168086,0.9959606041862826,0.012595114948176006,1.000526811422656,-0.004766413692508043,1.0045847267624648
LHE_muF_singletop_2024,0.021601558207773403,0.9687256818021185,0.016988951493266794,0.9521566159495578,-0.004761520006288865,0.9828960187968412
LHE_muR_ttbb-dps_2024,-0.0027510545184404353,1.0010268515893643,0.0019716618105120286,0.9975769677235042,0.004717871774822071,0.9965536550189612
CMS_flavTag_TTWeight_ttbar,0.07565645915699427,0.9948666682441335,0.0709720785602743,0.9935268967054419,-0.004708551151872007,0.9986533154829117
PS_fsr_X2XG_muR_tt-vcb_2024,0.0020827283372400903,0.9983785420116046,0.006771615077175308,0.9890632358957405,0.004696501920491713,0.9906695649757307
PS_fsr_Q2QG_muR_ttbb-dps_2024,0.07235746869205896,0.9515110319099804,0.07671986851002922,0.8944420695073114,0.004584707556373321,0.9400228053182802
PS_fsr_G2QQ_muR_ttZ_2024,0.06126599577502145,0.9735269457768877,0.06568400081120233,0.9452762244599214,0.004538143556627755,0.9709810586758625
CMS_flavTag_Stat_flavC_C0_2024,0.2247723851793794,0.48319576071916975,0.2225853887611804,0.4353608141151497,-0.004526108455388681,0.9010029671352572
LHE_muR_ttZ_2024,0.045949337243186145,0.9731529560790549,0.05030806804000385,0.9348155256027414,0.004478978119102196,0.960604928303584
PS_fsr_G2GG_muR_ttLF_2024,-0.1099680725334968,1.078849228342142,-0.10524559561706989,1.0330696233144356,0.004377327982783932,0.9575662624349692
CMS_flavTag_EleReco,-0.00511458469178669,0.9806460380563369,-0.00932445565360393,0.9303016736929349,-0.004292956682067774,0.9486620427660263
minorBkg_PS_ISR_diboson_2024,-0.0040456533477262425,1.0015488685508904,-0.008036071876948324,1.005145679446651,-0.00398424745364217,1.0035912485238634
LHE_muF_ttLF_2024,0.22670169155954675,0.9559968861568773,0.23048419766858733,0.9656450802073293,0.003956609235670534,1.0100922860630204
PS_fsr_G2GG_muR_tt-vcb_2024,-0.004676237412629361,1.0022081314004772,-0.008551099705794197,1.0123703241270874,-0.0038663249396611223,1.010139802709852
PS_fsr_G2QQ_cNS_ttW_2024,-0.009579130419234949,1.00646598257645,-0.005791371107745179,1.0159387414059033,0.003763425070555781,1.0094119016374543
LHE_muR_wjets_2024,-0.26217260925288993,1.025048509664291,-0.266013752023277,1.008143201463439,-0.003747279015746335,0.9835077969076913
LHE_muF_ttbb-dps_2024,-0.025811403175125577,1.0006212758276378,-0.029512741097361215,1.0015705602488938,-0.003699039798223531,1.0009486950199722
LHE_muR_ttHbb_2024,-0.01522996917568613,1.0063140116385552,-0.018851238494106474,1.0131635184206942,-0.0035985480441874445,1.0068065302707911
PS_fsr_X2XG_cNS_tt2b_2024,0.019231200301975053,0.9980363068967113,0.0156479311730181,0.9953747780011329,-0.003590319414429672,0.9973332343951954
LHE_muF_tt2b-dps_2024,-0.0027490267183717973,1.000465455228323,-0.006261931867279135,1.0017587788865803,-0.0035112708095509744,1.001292721954065
CMS_flavTag_Stat_flavB_B2_2024,0.00684929167690992,0.9988930064037594,0.003343525109607816,0.9985501643596981,-0.0035096517292914644,0.9996567780113952
PS_isr_Q2QG_muR_ttcj_2024,-0.12413145016804693,1.0126565538315526,-0.12766461653367894,1.0229383519103683,-0.0034890075537097934,1.0101532923871501
PS_isr_G2QQ_cNS_tt2c_2024,-0.004688068196592419,0.9999640948897422,-0.008013531771515973,1.0005187103443403,-0.0033255829803471356,1.0005546353688421
PS_fsr_G2GG_cNS_ttbb-dps_2024,0.004601355123313573,0.9972820807122618,0.007901115083494722,0.993574939006666,0.003308752883461469,0.9962827551228555
PS_isr_G2QQ_cNS_ttbb-dps_2024,0.02840110436121583,1.0356015864923926,0.03176522882969603,1.0641081967318131,0.0032484736527630914,1.027526618934578
PS_isr_Q2QG_muR_ttZ_2024,0.02360200741964733,0.9955688120514918,0.026814511954811784,0.9879141764125091,0.0032268031062008618,0.9923112942608061
CMS_flavTag_Stat_flavB_C2_2024,0.021434042140189197,0.9996952129127482,0.024651710160739346,0.9995767686409358,0.0032186490232108188,0.9998815196168968
PS_fsr_Q2QG_muR_ttbj-dps_2024,0.032686231507080374,0.995881524547196,0.03589140749565055,0.9910363153878219,0.0032184310177131694,0.9951347534421053
LHE_muF_tt-vcb_2024,0.0004509697133901032,0.9997340499059646,-0.0027064513179005938,0.9985582827806649,-0.0031582609710929478,0.9988239200961393
PS_isr_G2QG_cNS_ttcj_2024,0.0035057614123746826,0.992214582005927,0.0003906931701174506,0.9840821317320015,-0.003139510644924813,0.9918037384035574
CMS_flavTag_JEReta0to1p93_2024,0.01499413133203698,1.0290399187702224,0.018146622409874514,1.0495177965858487,0.003063526516643776,1.0198999838996516
PS_fsr_X2XG_cNS_ttbj_2024,0.010743117055360622,0.99866784705306,0.01371213556403914,0.996421098374421,0.002972978971376428,0.9977502543160183
CMS_flavTag_EleTrigger,-0.0009176853125720072,0.9977080881623736,-0.003802967488255386,0.9844269193037749,-0.0028919101788556505,0.9866883219488973
topHdampWeight_ttcc_2024,0.04584310687462461,0.9929549695586559,0.04313592279002816,0.9882133432816081,-0.002726391596388028,0.9952247318132107
PS_fsr_G2QQ_cNS_tt2b_2024,0.013443191461119264,0.9809203503566672,0.010769359898963906,0.9641463909766618,-0.002725839627226758,0.9828997743049103
PS_fsr_G2GG_cNS_tt2c_2024,0.030757761730715726,0.9601434564775132,0.03337240569027546,0.8970599513429812,0.0027231805225774327,0.934297833611274
PS_fsr_G2QG_cNS_tt2b_2024,0.0033975266288744387,1.0001548693553397,0.006067235244970783,1.0004902456944125,0.002669295224065782,1.0003353244075979
PS_isr_Q2QG_muR_tt-vcb_2024,-0.001286659573621197,1.0000272255123985,-0.0039369529803439905,0.9998512496547441,-0.0026502212530912085,0.9998240289332481
LHE_muR_diboson_2024,0.001494075330883052,1.0036120605467056,0.004111236668519352,1.0136873263586643,0.0026077420155858158,1.0100390043205243
LHE_muF_diboson_2024,-0.0022928628291198137,1.0001547717697632,-0.004899705244819982,1.0012438671325095,-0.0026064390125214204,1.001088926827614
PS_isr_G2GG_cNS_ttcc_2024,-0.017390661383033825,0.9999139409294624,-0.014816200783861385,1.0004564637297522,0.0025746821739272576,1.000542569493316
PS_fsr_Q2QG_muR_ttHbb_2024,-0.0010589657529456297,0.9961539943621518,-0.0036004663170463367,0.9917426330180426,-0.002551312928005732,0.9955716070315676
PS_isr_G2GG_cNS_ttbb_2024,0.013650155513302998,1.0018370335482885,0.01614643239127418,1.0044561208506912,0.0024916995423196844,1.002614284773569
CMS_trigEff,0.013938172285551977,0.9980787665134325,0.016412055470236823,0.995245819287114,0.002478645240923029,0.9971615995436764
PS_fsr_G2QQ_cNS_ttHbb_2024,-0.023210676393462214,1.001477119027469,-0.020783070017950652,1.0024538679237933,0.002424025800878009,1.0009753082499506
LHE_muF_ttHbb_2024,-0.004016232859058929,1.0011178212468124,-0.006313787195239913,1.002806717949562,-0.0022949889487728463,1.001687010926093
PS_fsr_X2XG_cNS_ttZ_2024,0.017938607022062188,0.999565576391862,0.020225774339392676,1.0006012655128755,0.002288161348639566,1.0010361392443625
PS_isr_X2XG_muR_ttbj_2024,0.0063949742584204754,0.9986657230727418,0.008554813729484839,0.9960035109791653,0.002162725145325772,0.9973342310323966
PS_fsr_G2QQ_muR_ttW_2024,0.011901319515660811,0.9951236169797674,0.009758743040041753,0.9913408332342664,-0.002153075697391092,0.9961986795600511
PS_isr_Q2QG_muR_ttW_2024,0.0038884614214723862,1.0004719221545582,0.001745874272368939,1.002222679530643,-0.0021415764917113275,1.00174993154462
PS_fsr_G2GG_cNS_tt-vcb_2024,0.0015981727532625345,1.0002427325059269,0.0037163100708907854,1.0014338607148867,0.00211762330161764,1.001190839153588
PS_isr_G2QQ_cNS_ttLF_2024,-0.04300027490411082,0.993752478693039,-0.0450762538409958,0.989894897214935,-0.002089030197555089,0.996118166685554
PS_isr_X2XG_cNS_ttbb-dps_2024,-0.01112952434794403,1.0019976101463322,-0.013215225293153245,1.006750602734122,-0.0020815428341237454,1.0047435168903205
PS_fsr_Q2QG_muR_ttW_2024,0.0020715725491576666,0.9959039208663372,0.004085169232219686,0.9881262491953494,0.0020218784572214464,0.9921903393409457
PS_fsr_X2XG_muR_tt2b-dps_2024,0.035939145681429766,0.9839619935412189,0.03792793837475252,0.9679019640241918,0.0020212088539773914,0.9836782013711444
PS_fsr_X2XG_cNS_ttbb-dps_2024,-0.006081096635796882,0.9999216202778497,-0.008084711717106705,0.9996292649954175,-0.0020037721364131273,0.9997076218010458
PS_isr_G2QQ_muR_ttbb_2024,-0.02074872909949015,1.0040254699951867,-0.022718074223102114,1.0102326002696482,-0.001961449368033867,1.006182243837391
PS_fsr_G2QG_cNS_ttbj-dps_2024,0.00014260444573773755,0.9999829792722945,-0.0017517159031752618,1.0001117992433282,-0.0018943525921726488,1.0001288221636806
CMS_elSmear,-0.004617265328664016,0.9586686226329079,-0.0028854493081284195,0.9585897215085358,0.0018064803412250004,0.9999176971870057
CMS_flavTag_xsec_singlet_tCh,0.008518746762004419,1.019739112081918,0.010315460371104096,1.0473161736921313,0.001761934584848348,1.0270432518312567
PS_isr_G2GG_cNS_tt-vcb_2024,0.0005355524677619503,1.0000130153307825,0.002217675405715923,1.0001055568793895,0.0016821010448524647,1.0000925403441638
PS_isr_G2QQ_cNS_ttbj_2024,-0.03192146083331587,0.9992471792963324,-0.033576379706038786,0.9990177028281605,-0.0016561656685268834,0.9997703506470406
LHE_muR_ttW_2024,0.01840971312731095,0.988551466384202,0.01678520590626573,0.9745459666685157,-0.001643320834864711,0.9858323009049657
CMS_flavTag_Stat_flavC_B4_2024,0.03181748295281872,1.021156892321993,0.033493470397722463,1.058876629845379,0.0016412634116318215,1.036938239174605
CMS_elScale,0.004016238588844058,0.9377509681445252,0.002511273844736591,0.9352320492803141,-0.0016048661054280278,0.9973138722861624
CMS_flavTag_PS_FSR_wjets,-0.019181352440609416,1.1005392923104733,-0.017424231458087473,1.1407662081308036,0.0015965999531311976,1.0365520032782092
PS_fsr_X2XG_cNS_ttbb_2024,-0.02519336898460563,0.9950488126521232,-0.0236354257004834,0.9906910735434564,0.0015656953350557897,0.9956205775503093
PS_isr_G2QG_cNS_ttcc_2024,0.02677167288297506,1.0007013528374968,0.028313860697410334,0.9982872983988428,0.0015411069546997084,0.9975876374786453
PS_isr_G2GG_muR_ttHbb_2024,0.002961845038912485,0.9996831530511778,0.0014622770948073164,0.9991559155355063,-0.0015000432282251332,0.9994725953777831
CMS_flavTag_PS_ISR_singlet,0.0005157454861351838,0.999929656813448,-0.0009542152915599403,1.0000844159924647,-0.0014700641866944523,1.0001547700660363
PS_isr_G2QQ_muR_ttbb-dps_2024,0.0008912231082526538,1.0001349848899683,0.002304178665241274,1.0003779253199516,0.001412764855080106,1.0002429076411221
PS_isr_G2QQ_cNS_ttcc_2024,-0.018495070483799683,0.9887364408367798,-0.01988623698708503,0.9749074164596946,-0.0014070144942852367,0.986013437144704
PS_isr_G2QQ_muR_tt2b_2024,0.011357735707566147,1.0012129989943963,0.012717427073896717,1.002118857017546,0.0013580440602511392,1.0009047605495132
PS_fsr_G2QG_cNS_tt2b-dps_2024,0.006584038223368138,0.999608692898784,0.007901109539208993,0.9989535938581643,0.0013175868969501014,0.9993446445141249
CMS_flavTag_LHE_PDF_wjets,-0.03773971937343101,1.0022509880544124,-0.03904887113753763,1.0102438051619933,-0.001306211497628921,1.0079748657799747
PS_isr_Q2QG_muR_tt2c_2024,-0.003276850248744831,1.0008955467601968,-0.004565617437209129,0.9972418222577424,-0.0012876140698556552,0.9963495446510067
PS_isr_X2XG_cNS_ttLF_2024,-0.0002339832765483566,1.000056395147111,-0.001516290720923593,1.0001752361644305,-0.001282235132536306,1.0001188343156406
CMS_flavTag_Stat_flavB_B3_2024,0.0016333455332401318,0.999435889069411,0.002910242101212432,0.9993524895178832,0.0012776172858483567,0.999916553375319
PS_fsr_G2QG_cNS_ttbb_2024,0.009331433708883308,0.9993564208432756,0.01058367108897887,0.9985022044400162,0.0012530438129760564,0.9991452334868289
PS_isr_G2GG_muR_ttZ_2024,-0.020707179836776158,1.0057574316318378,-0.021961549582422777,1.0122570372162536,-0.0012471891394442978,1.0064623987653467
CMS_flavTag_LHE_muR_singlet,-6.703263380214948e-05,0.9966935908067361,0.001127533821653987,0.996760738036406,0.001198529283698152,1.000067369982399
PS_isr_G2GG_muR_ttW_2024,-0.0027568036217205326,1.0012327154861262,-0.003905896406944276,1.0032434933259593,-0.0011476780247495477,1.0020083021746415
PS_fsr_G2GG_muR_ttZ_2024,0.08362445102417604,0.9602320276687091,0.08470733784640516,0.9202085369913888,0.001127734538138871,0.9583189380024212
CMS_flavTag_Stat_flavL_B3_2024,-0.025955336132532418,0.8806459810292084,-0.024987405971589254,0.8369353844088948,0.0010991138116725936,0.9503653027869051
PS_fsr_G2QG_cNS_ttbb-dps_2024,-0.0004186382882959559,0.9999318125516748,0.0006257620648061194,0.9999681633275015,0.0010444715729534832,1.0000363532546623
CMS_flavTag_LHE_aS_ttbar,0.015395768074213815,1.0008929862500666,0.016399890159402877,0.9992513007030045,0.001003226217970708,0.9983597791476061
PS_fsr_G2QG_cNS_ttLF_2024,-0.04512465427112484,0.9995400636508457,-0.04415054865904241,1.0008569058280277,0.0009745538448198701,1.0013174481194602
PS_isr_G2QG_cNS_tt-vcb_2024,-0.00021078419180352458,0.9998579433464522,0.0007489064856672826,0.9993110145867888,0.0009598270272862881,0.9994529935344287
PS_isr_X2XG_muR_ttcj_2024,0.00022857734954492067,0.9999651020186994,0.0011823011784130259,0.9995303146758622,0.0009537571130660023,0.9995651974834328
PS_isr_X2XG_muR_tt2c_2024,-0.00011109435209783313,0.9998553687443703,0.0007921269938149858,0.9989288245144645,0.0009033519988466877,0.9990733217434544
CMS_flavTag_LHE_PDF_singlet,-0.0017628212282949204,0.9966622715901622,-0.002631797749235446,0.9917459668923365,-0.0008718866417548691,0.9950672310591413
PS_isr_G2GG_muR_ttcj_2024,0.039465417935041054,0.9815053847700613,0.04027817129423915,0.9732242006550184,0.0008280681612240967,0.9915627726107861
PS_fsr_G2QG_cNS_ttW_2024,-0.009206630377422094,0.9999590242211077,-0.010016160763590822,1.0002508851100604,-0.0008095635586661074,1.00029187284867
LHE_muF_ttcc_2024,-0.009695521515091612,0.9998338229484912,-0.01046852743384496,1.0039637263107986,-0.0007731343959476865,1.0041305897715365
PS_isr_G2QQ_muR_ttW_2024,0.0016895093125256595,0.9995117484451563,0.0009347150485692415,0.9992217649679964,-0.0007551629734523664,0.9997098748687937
PS_isr_G2QQ_muR_tt2b-dps_2024,-0.004796605593067997,1.001393607721749,-0.00554324128734339,1.0036076267292255,-0.0007455966250613976,1.002210937827448
CMS_flavTag_Stat_flavB_B0_2024,-0.06349021315251632,0.9998311355725452,-0.06275729057164679,1.0003226969425096,0.0007330463663244772,1.000491644391213
PS_fsr_G2GG_cNS_ttHbb_2024,0.014577222299038059,1.0046210004347498,0.015305524126529522,1.0121065400757527,0.0007249518247939178,1.0074511080673842
CMS_muScale,0.00087146399865945,1.034704413474292,0.0015906993433421072,1.0751755473194293,0.0006951118940989491,1.039113715296956
PS_fsr_X2XG_cNS_tt2b-dps_2024,0.0025592531710783278,1.0000013502098855,0.003247184407158848,0.9999766575548182,0.0006879303072302189,0.999975307378273
PS_fsr_G2QG_cNS_ttcj_2024,-0.02039251985707883,0.9989924520360463,-0.01970715509314004,0.9970341059241713,0.0006860559982629962,0.9980396787704615
PS_isr_G2QQ_cNS_ttbb_2024,0.0024505038415119193,1.0007824809207175,0.0018762617574469948,1.002505486355796,-0.0005737931019102404,1.00172165827033
PS_isr_X2XG_muR_ttbj-dps_2024,-0.0022729987527089868,1.0002044638622456,-0.0028410061544400823,1.0006847089261621,-0.0005678912884849163,1.0004801468912288
CMS_flavTag_LHE_muF_singlet,-0.011161060837040493,0.9981918090703849,-0.010596585123810067,0.9990762465607638,0.0005654982420223643,1.0008860396191817
PS_isr_X2XG_muR_ttbb-dps_2024,0.007946758922279758,0.9976552854951478,0.008498151971656771,0.9948245176432988,0.0005526889471681102,0.99716257920646
PS_fsr_X2XG_muR_ttZ_2024,0.025922790739566222,0.9777381353073122,0.026450805403662406,0.9510263649169481,0.0005400368923221191,0.9726800362737531
PS_fsr_G2QG_cNS_ttZ_2024,-0.04709783893333457,0.9995741630718262,-0.04655874075939976,0.9959871501984203,0.0005393278396453259,0.9964114589933152
LHE_muR_tt2b-dps_2024,0.00875903268718128,0.9987966263135402,0.009253225665338876,0.9952247995149064,0.0004947883934906882,0.9964238697803606
PS_isr_Q2QG_muR_ttbb-dps_2024,-0.0014586353234942225,0.9985851279143341,-0.0009710201787443734,0.9995165118841599,0.0004883060353284976,1.0009327036261506
PS_isr_G2GG_cNS_ttHbb_2024,-0.0024484170876821355,1.0000549384563355,-0.0019759627707934546,1.0001054520163726,0.0004724283624037213,1.0000505107850526
PS_fsr_X2XG_cNS_ttW_2024,-0.0022502863270450722,1.0002600297439102,-0.0017930199008921014,1.0006409955138524,0.0004571475541915252,1.0003808667332632
PS_fsr_X2XG_cNS_ttbj-dps_2024,-0.006054410928639452,0.9997758033850757,-0.00650606134369993,0.9979593862552149,-0.00045175169626156595,0.9981831755442463
PS_isr_G2QQ_muR_ttHbb_2024,0.0003957437196150558,0.9999081424700709,-2.880236352191649e-05,0.9998994485015197,-0.0004245850844740768,0.999991305232769
PS_fsr_X2XG_cNS_ttLF_2024,-0.002537203670688136,1.000190690946067,-0.0029518869961799765,1.0005831386945347,-0.00041460426421245433,1.0003923729265032
PS_isr_X2XG_cNS_ttbj_2024,-0.0013240080014254834,1.000020169796781,-0.0009189962717501014,0.9998659857589304,0.0004050035608358644,0.9998458190719474
PS_isr_X2XG_cNS_ttbj-dps_2024,0.010991687975206112,1.0000594373327385,0.010602803106640506,0.9998463370960761,-0.00038886175566004523,0.9997869124286944
PS_fsr_G2QQ_cNS_tt-vcb_2024,0.0008065757138102532,0.9984893761669593,0.0011394529101645236,0.9944472114631557,0.00033338080935035343,0.9959517198677458
CMS_flavTag_MuScale,0.0007340368607981014,0.9996488972708535,0.0004034226858005986,1.0124615255842577,-0.00033073029530679643,1.01281712844218
PS_isr_Q2QG_muR_ttHbb_2024,0.003247698259765107,0.9993703251852706,0.0029232501915038515,0.9985349199139159,-0.0003246524937601152,0.999164068363547
PS_fsr_Q2QG_muR_ttZ_2024,-0.0038973422804363185,1.0308015241179347,-0.0035656865591848705,1.0805402211726767,0.0003217454703855318,1.0482524481105164
PS_isr_G2GG_cNS_ttW_2024,0.0007164583010846395,1.0000284762538445,0.0010246328203827907,1.0000769749136051,0.0003081657438922019,1.0000484972787398
PS_isr_G2QQ_muR_tt2c_2024,0.007008995622561668,0.9981740401879557,0.007310200704112584,0.9952926895142207,0.0003017560760187672,0.9971133784713611
PS_isr_G2GG_cNS_ttZ_2024,0.0007363258451826077,0.9999845196731666,0.0010374948228327654,1.000011780334983,0.00030117363991653714,1.000027261083827
CMS_flavTag_MuResol,-0.00041268605752399305,1.0014324033432884,-0.00067489564726124,1.013081839374741,-0.0002618345370709581,1.0116327732082173
PS_isr_G2QQ_muR_tt-vcb_2024,0.00013552828793906007,0.999999575986392,0.0003893934333764918,0.9998002618547592,0.00025386525307975364,0.9998006857838553
PS_isr_X2XG_cNS_tt2c_2024,0.00020172335880619426,1.0000182779842481,0.00044773232329784444,1.0001378969095729,0.00024600446802585865,1.0001196167389719
PS_fsr_X2XG_muR_ttHcc_2024,-0.0012027284848801826,1.0005246507217256,-0.0014392100000642644,1.001450751097991,-0.00023635751004585096,1.000925614751818
PS_isr_G2QQ_cNS_ttW_2024,0.0011998751580693876,0.9999050893132191,0.00143532136114556,0.9998362717577034,0.00023546855155811614,0.9999311759123429
PS_isr_Q2QG_muR_ttbj-dps_2024,0.06455057972045973,0.9805011622074782,0.06432455615747498,0.955524555580656,-0.00023051840395159099,0.9745266935017288
PS_fsr_G2GG_muR_ttW_2024,0.012690004780276678,0.987035396845288,0.012467156331304683,0.9702279709819424,-0.00022577553924028586,0.982971810416258
PS_fsr_X2XG_cNS_ttcc_2024,-0.0002436804793673952,1.0000998135630175,-0.0004667474123370491,1.000220888987802,-0.00022304467008642053,1.0001210633410211
LHE_muR_ttHcc_2024,0.00017245196302474082,0.999969465542789,-4.6904100658623394e-05,1.0000806047371307,-0.00021936276180622828,1.0001111425880203
PS_isr_G2QG_cNS_ttW_2024,0.00025702776263109776,1.000369579905493,0.0004731011209185116,1.0009814290158725,0.0002159935314184851,1.0006116230667843
PS_isr_X2XG_cNS_ttcj_2024,0.0005239696361792848,1.0001416933217202,0.0003104780304606747,1.000365524519594,-0.0002134613596694996,1.000223799486981
PS_isr_G2QQ_muR_ttZ_2024,-0.008125849138909525,1.0015794077424034,-0.008332660935900788,1.003088300684009,-0.00020648567192233286,1.0015065135424526
PS_fsr_G2QQ_muR_ttHbb_2024,-0.0035710478718862957,1.0030100370452582,-0.0037696320167876795,1.0073018859857665,-0.00019798819310561216,1.0042789690850469
PS_isr_X2XG_cNS_ttcc_2024,0.0015213467591866224,1.0000693612436782,0.0017092518607585829,1.0001982940542342,0.00018789206914436728,1.0001289238682363
PS_isr_X2XG_muR_ttZ_2024,-0.000837051018983164,1.0000948980307562,-0.0010235799936939474,1.000314430519532,-0.00018651127515805703,1.0002195116575516
PS_fsr_G2QG_cNS_tt-vcb_2024,7.155689680024964e-05,0.9999798858380994,0.00024109819679539845,0.9998234953591335,0.00016954471024490007,0.9998436063753074
PS_isr_X2XG_cNS_tt2b-dps_2024,-0.0011102028249543167,0.9999550478113918,-0.0012688335343426572,0.9998730793640722,-0.00015863784050646734,0.9999180278678537
LHE_muF_ttW_2024,0.006616847407205829,1.0095553636532582,0.0067653073755150036,1.0214618455913762,0.00014705480615936217,1.011793788004882
PS_isr_X2XG_muR_tt-vcb_2024,-7.072619924514694e-05,1.0000267181986766,-0.00021583239960108684,1.0001391871416794,-0.00014510232348323264,1.0001124659381155
PS_isr_X2XG_muR_ttW_2024,0.00019782557598386742,0.9999447815393915,5.344905744551209e-05,0.9999313537868202,-0.00014438449122769668,0.999986571505928
PS_fsr_G2GG_muR_ttHcc_2024,-0.0027064944892010697,1.0018244595372667,-0.0025628499655150445,1.0040452494402676,0.00014338292733676438,1.0022167455404578
PS_fsr_G2GG_cNS_ttW_2024,-0.02107627271395801,0.9989138405676645,-0.020935786606122612,0.9957347382756314,0.00014063886406415525,0.9968174409414264
PS_isr_X2XG_muR_tt2b-dps_2024,0.00046764536782635736,0.9995834416878204,0.0006040757099236176,0.9991446463144487,0.00013648719697366575,0.9995610217665962
PS_isr_G2QG_cNS_ttZ_2024,-0.0015995583002561024,1.0011973591751806,-0.0014698155245384636,1.002812489539116,0.00012958761280046236,1.001613198785568
PS_fsr_G2QQ_cNS_ttHcc_2024,5.7702272014327333e-05,1.000297091692592,0.0001800151372388608,1.0006052936281056,0.00012227653788093014,1.000308110398474
PS_isr_X2XG_cNS_tt-vcb_2024,2.3181489824009973e-05,1.0000014396560464,0.00014402801142493146,0.9999958324966024,0.00012084634762374645,0.9999943928486283
PS_isr_G2QQ_cNS_ttHbb_2024,-0.002864345697265721,1.0000479532726916,-0.002749243894513615,1.0000493824331196,0.0001150962835086375,1.0000014290918984
PS_isr_X2XG_muR_ttcc_2024,-0.003872241574883081,1.0010671960281332,-0.003978091338362214,1.0024980776433996,-0.00010573692145652722,1.0014293562119942
PS_fsr_G2QG_cNS_ttHbb_2024,0.001644781733493992,0.999921048184828,0.0017462408406937865,0.9997818888189008,0.00010146711821295773,0.9998608296463208
CMS_flavTag_EleSmear,0.00839098004048396,0.9411345899794159,0.008296472660339813,0.9167752286796538,-0.0001004185598429795,0.9741170268746632
PS_isr_X2XG_muR_ttHbb_2024,8.160311613006409e-05,1.0000348996814579,0.00017588501828950183,1.0000450292292482,9.427861186591534e-05,1.0000101291942847
CMS_flavTag_Lumi_2024,-0.00014003772751264288,1.0001295034335516,-0.0002324147821522863,1.0002268063368236,-9.236509304295407e-05,1.0000972903038436
PS_isr_X2XG_muR_tt2b_2024,-0.0008618649359217229,1.0003227093215996,-0.0007702603231381772,1.0007801974371273,9.157506065784537e-05,1.0004573405274764
CMS_flavTag_LHE_aS_wjets,-0.0018546153525267031,1.0010348754271166,-0.0019355087307823282,1.0031522622486098,-8.08097502308397e-05,1.0021151978552094
PS_fsr_X2XG_cNS_tt2c_2024,-0.0004733885383448977,0.9999730592841674,-0.0005530647190433727,0.9999113507626304,-7.967832728964858e-05,0.9999382898159465
PS_fsr_X2XG_muR_ttW_2024,0.01444730297515877,0.9921104003958985,0.014509328385514272,0.9791986457974164,6.251865753120878e-05,0.9869855667339748
norm_ttZ,-0.000493629257056283,0.9732500413126298,-0.000552769939978011,1.0000015628642986,-6.076617560885424e-05,1.0274867921049238
PS_isr_X2XG_cNS_ttbb_2024,-0.003960078393329077,1.0000345528536363,-0.0039019878896687944,1.0001100646193877,5.8088496536964184e-05,1.0000755091566946
PS_fsr_X2XG_cNS_ttHbb_2024,0.0001658984209667838,1.000001588242425,0.00011521714007926533,1.0000093927294065,-5.068120039348586e-05,1.0000078044745861
PS_isr_G2QQ_cNS_ttZ_2024,-0.0020338188944025093,1.0001695792935603,-0.001985106647865354,1.0001460962461723,4.87039873493868e-05,0.9999765209341754
PS_isr_Q2QG_muR_ttHcc_2024,6.241843565834047e-05,0.9999794288583689,0.00010898446506899862,0.9999299472476348,4.65669873467502e-05,0.9999505173713518
PS_fsr_G2QQ_muR_ttHcc_2024,-0.0006719897864176691,1.0004018149799332,-0.0006299228722817099,1.0008083851996183,4.205001780889713e-05,1.000406406919297
PS_fsr_G2GG_cNS_ttHcc_2024,0.0010899109339667615,0.9999373669598142,0.0011283122076749716,0.9999701971107902,3.840367904738321e-05,1.000032832207357
PS_isr_G2QG_cNS_ttHbb_2024,0.0005574462604700788,1.0000627789051433,0.0005195622269548936,1.0000413257020297,-3.7881655346337614e-05,0.9999785481436105
PS_isr_X2XG_cNS_ttZ_2024,-0.00017341987380767768,0.9999930154304284,-0.00013666556042290316,0.9999895303860998,3.675457009962646e-05,0.9999965149313297
PS_isr_G2QQ_muR_ttHcc_2024,-5.7931390430599904e-05,1.0000187881327913,-9.258648877793703e-05,1.0000590857147946,-3.465444725498029e-05,1.0000402968249011
PS_fsr_X2XG_cNS_tt-vcb_2024,-4.041509041302884e-06,0.9999978727460574,2.9647860256966098e-05,0.999989892298675,3.36894409642651e-05,0.9999920195356411
PS_fsr_Q2QG_muR_ttHcc_2024,-0.00154859837298635,1.0006127542957037,-0.0015202756965292897,1.0014244093935354,2.830533224313688e-05,1.0008111580572476
PS_isr_X2XG_cNS_tt2b_2024,0.00014768022288262828,1.0000320905719648,0.00017506871088137803,1.0000655301810404,2.73876091147085e-05,1.000033438536014
CMS_muSmear,0.00011626768565205987,1.0295405103502084,0.00014362339730178945,1.0750063163593395,2.6570796753227578e-05,1.0441612598552974
PS_isr_G2QQ_cNS_ttHcc_2024,-6.311604555134911e-05,0.9999999690724289,-3.824964422037283e-05,1.000005319243757,2.48664021000337e-05,1.0000053501714936
PS_isr_G2QQ_cNS_tt2b_2024,-0.01737171255974708,1.002966527179493,-0.017394899264339538,1.0066838670683937,-2.3118124049128094e-05,1.0037063449159709
PS_isr_X2XG_cNS_ttW_2024,-4.786026111815212e-06,1.0000093332616844,1.8275252068277757e-05,1.000023185114258,2.3061062945157782e-05,1.000013851723292
LHE_muF_ttHcc_2024,-0.0008387460564107584,1.0001273916789106,-0.0008613465296584316,1.0002784412576031,-2.259759450217029e-05,1.000151030338684
PS_isr_G2QQ_cNS_tt-vcb_2024,-0.00030150068164514735,0.9999836757240069,-0.00032296796356565545,0.9999904823258909,-2.1467632364063728e-05,1.0000068067129986
CMS_flavTag_LHE_aS_singlet,0.0012093530666234143,1.0005762668141107,0.00118864462930549,1.0012786835278464,-2.069651060569425e-05,1.0007020121674206
PS_fsr_X2XG_cNS_ttcj_2024,-0.0015000696903921433,0.9999214685235824,-0.0014802472119934118,0.9998147866758126,1.982403520948506e-05,0.9998933097736892
PS_isr_G2GG_muR_ttHcc_2024,-0.0008977950282400716,1.0002866723364614,-0.0008818018431610153,1.0006157036921646,1.598860158928196e-05,1.000328937058548
PS_isr_G2GG_cNS_ttHcc_2024,0.00011597385180306678,0.9999976016169598,0.00012977620822427437,0.999995870955212,1.3802389524624535e-05,0.9999982693341014
PS_fsr_G2QG_cNS_ttHcc_2024,-0.000222334543564613,1.0000072908532776,-0.0002337038256792414,1.0000202172820347,-1.1369199223464981e-05,1.0000129263345132
PS_isr_X2XG_muR_ttbb_2024,0.010389381669651471,0.9973640480599065,0.010400495887836826,0.9939884356841239,1.1143592158725171e-05,0.9966154661556641
PS_isr_X2XG_muR_ttHcc_2024,-9.528730143897893e-05,1.0000340251048034,-8.593829784857004e-05,1.0000696645677079,9.348685500404964e-06,1.0000356382503093
PS_isr_G2QG_cNS_ttHcc_2024,-8.351289285051722e-06,1.0000006431750494,-1.1913969366992344e-05,1.000001990342834,-3.5626777905151573e-06,1.0000013471669182
PS_fsr_X2XG_cNS_ttHcc_2024,4.6357168192192585e-05,0.9999969794194722,4.9375208217895895e-05,0.9999927735111457,3.01804914196378e-06,0.9999957940789692
PS_isr_X2XG_cNS_ttHbb_2024,0.00010673772972406816,1.0000044654955285,0.0001095358180691089,1.000008781384694,2.7980758502455402e-06,1.000004315869893
PS_isr_X2XG_cNS_ttHcc_2024,8.078807617435696e-06,1.0000000117561094,8.768652463225124e-06,0.9999998464599636,6.89844837679537e-07,0.9999998347038562
CMS_flavTag_LHE_PDF_diboson,0.0,1.0000000000003941,0.0,0.99999999999999,0.0,0.9999999999995959
CMS_flavTag_LHE_aS_diboson,0.0,1.000000000000399,0.0,0.99999999999999,0.0,0.999999999999591
CMS_flavTag_LHE_muF_diboson,0.0,1.000000000000399,0.0,0.99999999999999,0.0,0.999999999999591
CMS_flavTag_LHE_muR_diboson,0.0,1.000000000000399,0.0,0.99999999999999,0.0,0.999999999999591
CMS_flavTag_MET_UnclEnergy,0.0,1.000000000000399,0.0,0.99999999999999,0.0,0.999999999999591
CMS_flavTag_PS_FSR_diboson,0.0,1.000000000000399,0.0,0.99999999999999,0.0,0.999999999999591
CMS_flavTag_PS_ISR_diboson,0.0,1.000000000000399,0.0,0.99999999999999,0.0,0.999999999999591
CMS_flavTag_xsec_VV,0.0,1.000000000000399,0.0,0.99999999999999,0.0,0.999999999999591
LHE_muF_tt2b_2024,0.0,1.000000000000399,0.0,1.0,0.0,0.999999999999601
LHE_muF_ttbb_2024,0.0,1.000000000000399,0.0,1.0,0.0,0.999999999999601
LHE_muF_ttbj_2024,0.0,1.000000000000399,0.0,1.0,0.0,0.999999999999601
LHE_muR_tt2b_2024,0.0,1.000000000000399,0.0,1.0,0.0,0.999999999999601
LHE_muR_ttbb_2024,0.0,1.000000000000399,0.0,1.0,0.0,0.999999999999601
LHE_muR_ttbj_2024,0.0,1.000000000000399,0.0,1.0,0.0,0.999999999999601
